{"accuracy": 0.8974358974358975, "_timestamp": 1675101132.868482, "_runtime": 4.29279899597168, "_step": 0}